업태별(1),주소지별(1),2014,2014,2015,2015,2016,2016,2017,2017,2018,2018,,2014,,2015,,2016,,2017,,2018,,,,,,,
업태별(1),주소지별(1),건수 (건),소득금액 (백만원),건수 (건),소득금액 (백만원),건수 (건),소득금액 (백만원),건수 (건),소득금액 (백만원),건수 (건),소득금액 (백만원),,건수 (건),소득금액 (백만원),건수 (건),소득금액 (백만원),건수 (건),소득금액 (백만원),건수 (건),소득금액 (백만원),건수 (건),소득금액 (백만원),,,,,,
농·임·어업,합계," 25,570 "," 405,229 "," 25,315 "," 522,105 "," 26,193 "," 453,820 "," 26,034 "," 657,183 "," 26,034 "," 657,183 ",,,,,,,,,,,,,,,,,
농·임·어업,서울, 320 ," 10,310 ", 356 ," 16,036 ", 360 ," 8,545 ", 373 ," 9,833 ", 373 ," 9,833 ",서울,1.25%,2.54%,1.41%,3.07%,1.37%,1.88%,1.43%,1.50%,1.43%,1.50%,,,,,,
농·임·어업,인천, 692 ," 9,645 ", 787 ," 11,796 ", 771 ," 11,610 ", 818 ," 15,963 ", 818 ," 15,963 ",인천,2.71%,2.38%,3.11%,2.26%,2.94%,2.56%,3.14%,2.43%,3.14%,2.43%,,,,,,
농·임·어업,경기," 2,789 "," 46,983 "," 2,913 "," 50,367 "," 2,938 "," 35,274 "," 2,962 "," 89,616 "," 2,962 "," 89,616 ",경기,10.91%,11.59%,11.51%,9.65%,11.22%,7.77%,11.38%,13.64%,11.38%,13.64%,,,,,,
농·임·어업,강원," 2,038 "," 24,054 "," 1,836 "," 25,479 "," 2,139 "," 23,879 "," 2,070 "," 41,477 "," 2,070 "," 41,477 ",강원,7.97%,5.94%,7.25%,4.88%,8.17%,5.26%,7.95%,6.31%,7.95%,6.31%,,,,,,
농·임·어업,대전, 76 , 504 , 80 ," 1,121 ", 100 ," 1,276 ", 114 ," 1,241 ", 114 ," 1,241 ",대전,0.30%,0.12%,0.32%,0.21%,0.38%,0.28%,0.44%,0.19%,0.44%,0.19%,,,,,,
농·임·어업,충북, 681 ," 14,506 ", 707 ," 15,509 ", 734 ," 11,855 ", 760 ," 21,470 ", 760 ," 21,470 ",충북,2.66%,3.58%,2.79%,2.97%,2.80%,2.61%,2.92%,3.27%,2.92%,3.27%,,,,,,
농·임·어업,충남," 3,069 "," 55,827 "," 3,080 "," 66,891 "," 3,079 "," 58,288 "," 2,990 "," 75,405 "," 2,990 "," 75,405 ",충남,12.00%,13.78%,12.17%,12.81%,11.76%,12.84%,11.48%,11.47%,11.48%,11.47%,,,,,,
농·임·어업,세종, 94 ," 1,257 ", 99 ," 2,807 ", 123 , 473 , 117 ," 1,721 ", 117 ," 1,721 ",세종,0.37%,0.31%,0.39%,0.54%,0.47%,0.10%,0.45%,0.26%,0.45%,0.26%,,,,,,
농·임·어업,광주, 112 ," 3,192 ", 146 ," 1,745 ", 156 ," 3,353 ", 159 ," 4,809 ", 159 ," 4,809 ",광주,0.44%,0.79%,0.58%,0.33%,0.60%,0.74%,0.61%,0.73%,0.61%,0.73%,,,,,,
농·임·어업,전북," 1,146 "," 17,675 "," 1,256 "," 25,471 "," 1,320 "," 25,997 "," 1,299 "," 29,389 "," 1,299 "," 29,389 ",전북,4.48%,4.36%,4.96%,4.88%,5.04%,5.73%,4.99%,4.47%,4.99%,4.47%,,,,,,
농·임·어업,전남," 3,954 "," 49,214 "," 4,136 "," 69,776 "," 4,402 "," 65,319 "," 4,258 "," 87,995 "," 4,258 "," 87,995 ",전남,15.46%,12.14%,16.34%,13.36%,16.81%,14.39%,16.36%,13.39%,16.36%,13.39%,,,,,,
농·임·어업,대구, 128 ," 3,309 ", 150 ," 6,069 ", 155 ," 2,953 ", 165 ," 6,589 ", 165 ," 6,589 ",대구,0.50%,0.82%,0.59%,1.16%,0.59%,0.65%,0.63%,1.00%,0.63%,1.00%,,,,,,
농·임·어업,경북," 3,147 "," 55,402 "," 2,725 "," 67,913 "," 2,682 "," 63,462 "," 2,742 "," 94,200 "," 2,742 "," 94,200 ",경북,12.31%,13.67%,10.76%,13.01%,10.24%,13.98%,10.53%,14.33%,10.53%,14.33%,,,,,,
농·임·어업,부산, 609 ," 21,654 ", 699 ," 30,729 ", 694 ," 35,766 ", 686 ," 32,930 ", 686 ," 32,930 ",부산,2.38%,5.34%,2.76%,5.89%,2.65%,7.88%,2.64%,5.01%,2.64%,5.01%,,,,,,
농·임·어업,울산, 323 ," 4,728 ", 342 ," 6,335 ", 320 ," 5,095 ", 338 ," 6,251 ", 338 ," 6,251 ",울산,1.26%,1.17%,1.35%,1.21%,1.22%,1.12%,1.30%,0.95%,1.30%,0.95%,,,,,,
농·임·어업,경남," 4,781 "," 62,082 "," 4,469 "," 82,406 "," 4,685 "," 63,259 "," 4,613 "," 91,756 "," 4,613 "," 91,756 ",경남,18.70%,15.32%,17.65%,15.78%,17.89%,13.94%,17.72%,13.96%,17.72%,13.96%,,,,,,
농·임·어업,제주," 1,611 "," 24,887 "," 1,534 "," 41,655 "," 1,535 "," 37,414 "," 1,570 "," 46,539 "," 1,570 "," 46,539 ",제주,6.30%,6.14%,6.06%,7.98%,5.86%,8.24%,6.03%,7.08%,6.03%,7.08%,,,,,607346, 4.10 
광업,합계, 615 ," 20,180 ", 717 ," 20,977 ", 746 ," 19,292 ", 610 ," 20,318 ", 610 ," 20,318 ",,,,,,,,,,,,,,,,,
광업,서울, 65 , 837 , 99 ," 1,040 ", 93 ," 1,211 ", 78 ," 2,059 ", 78 ," 2,059 ",서울,10.57%,4.15%,13.81%,4.96%,12.47%,6.28%,12.79%,10.13%,12.79%,10.13%,,,,,,
광업,인천, 15 ,-15 , 22 ,-10 , 16 , 71 , 12 , 90 , 12 , 90 ,인천,2.44%,-0.07%,3.07%,-0.05%,2.14%,0.37%,1.97%,0.44%,1.97%,0.44%,,,,,,
광업,경기, 42 ," 3,032 ", 68 ," 2,732 ", 72 ," 1,540 ", 74 ," 2,170 ", 74 ," 2,170 ",경기,6.83%,15.02%,9.48%,13.02%,9.65%,7.98%,12.13%,10.68%,12.13%,10.68%,,,,,,
광업,강원, 11 , 438 , 13 , 396 , 13 , 345 , 10 , 420 , 10 , 420 ,강원,1.79%,2.17%,1.81%,1.89%,1.74%,1.79%,1.64%,2.07%,1.64%,2.07%,,,,,,
광업,대전, 6 , 27 , 1 , 8 , - , - , 1 , 6 , 1 , 6 ,대전,0.98%,0.13%,0.14%,0.04%,-,-,0.16%,0.03%,0.16%,0.03%,,,,,,
광업,충북, 12 , 475 , 12 , 536 , 10 , 539 , 10 , 518 , 10 , 518 ,충북,1.95%,2.35%,1.67%,2.56%,1.34%,2.79%,1.64%,2.55%,1.64%,2.55%,,,,,,
광업,충남, 38 ," 5,345 ", 59 ," 5,252 ", 50 ," 5,397 ", 27 ," 4,627 ", 27 ," 4,627 ",충남,6.18%,26.49%,8.23%,25.04%,6.70%,27.98%,4.43%,22.77%,4.43%,22.77%,,,,,,
광업,세종, 1 , 19 , 1 , 23 , 1 , 14 , 1 , 15 , 1 , 15 ,세종,0.16%,0.09%,0.14%,0.11%,0.13%,0.07%,0.16%,0.07%,0.16%,0.07%,,,,,,
광업,광주, 18 , 82 , 23 , 259 , 27 ,-83 , 30 , 367 , 30 , 367 ,광주,2.93%,0.41%,3.21%,1.23%,3.62%,-0.43%,4.92%,1.81%,4.92%,1.81%,,,,,,
광업,전북, 17 ," 1,972 ", 28 ," 1,222 ", 19 , 635 , 24 , 928 , 24 , 928 ,전북,2.76%,9.77%,3.91%,5.83%,2.55%,3.29%,3.93%,4.57%,3.93%,4.57%,,,,,,
광업,전남, 307 ," 1,746 ", 296 ," 2,076 ", 361 ," 2,031 ", 268 ," 1,725 ", 268 ," 1,725 ",전남,49.92%,8.65%,41.28%,9.90%,48.39%,10.53%,43.93%,8.49%,43.93%,8.49%,,,,,,
광업,대구, 10 ," 1,232 ", 11 , 15 , 10 , 918 , 4 , 517 , 4 , 517 ,대구,1.63%,6.11%,1.53%,0.07%,1.34%,4.76%,0.66%,2.54%,0.66%,2.54%,,,,,,
광업,경북, 35 ," 2,720 ", 33 ," 2,863 ", 33 ," 2,895 ", 32 ," 2,187 ", 32 ," 2,187 ",경북,5.69%,13.48%,4.60%,13.65%,4.42%,15.01%,5.25%,10.76%,5.25%,10.76%,,,,,,
광업,부산, 6 , 478 , 12 , 624 , 13 , 510 , 16 , 634 , 16 , 634 ,부산,0.98%,2.37%,1.67%,2.97%,1.74%,2.64%,2.62%,3.12%,2.62%,3.12%,,,,,,
광업,울산, 4 , 185 , 3 , 39 , 4 , 57 , 4 , 56 , 4 , 56 ,울산,0.65%,0.92%,0.42%,0.19%,0.54%,0.30%,0.66%,0.28%,0.66%,0.28%,,,,,,
광업,경남, 27 ," 1,606 ", 36 ," 3,902 ", 24 ," 3,211 ", 19 ," 3,999 ", 19 ," 3,999 ",경남,4.39%,7.96%,5.02%,18.60%,3.22%,16.64%,3.11%,19.68%,3.11%,19.68%,,,,,,
광업,제주, 1 , 1 , - , - , - , - , - , - , - , - ,제주,0.16%,0.00%,-,-,-,-,-,-,0.00%,0.00%,,,,,,
제조업,합계," 312,426 "," 11,717,063 "," 359,718 "," 13,189,600 "," 377,742 "," 13,949,112 "," 387,618 "," 14,693,970 "," 387,618 "," 14,693,970 ",,,,,,,,,,,,,,,,,
제조업,서울," 55,605 "," 1,759,651 "," 63,969 "," 1,989,016 "," 65,743 "," 2,135,315 "," 66,190 "," 2,140,250 "," 66,190 "," 2,140,250 ",서울,17.80%,15.02%,17.78%,15.08%,17.40%,15.31%,17.08%,14.57%,17.08%,14.57%,,,,,,
제조업,인천," 23,931 "," 906,323 "," 26,964 "," 978,736 "," 28,322 "," 1,049,381 "," 29,061 "," 1,130,822 "," 29,061 "," 1,130,822 ",인천,7.66%,7.74%,7.50%,7.42%,7.50%,7.52%,7.50%,7.70%,7.50%,7.70%,,,,,,
제조업,경기," 92,173 "," 3,505,438 "," 106,025 "," 3,998,537 "," 112,210 "," 4,324,287 "," 116,507 "," 4,757,644 "," 116,507 "," 4,757,644 ",경기,29.50%,29.92%,29.47%,30.32%,29.71%,31.00%,30.06%,32.38%,30.06%,32.38%,,,,,,
제조업,강원," 3,943 "," 92,458 "," 4,663 "," 115,386 "," 5,042 "," 126,175 "," 5,191 "," 142,918 "," 5,191 "," 142,918 ",강원,1.26%,0.79%,1.30%,0.87%,1.33%,0.90%,1.34%,0.97%,1.34%,0.97%,,,,,,
제조업,대전," 6,205 "," 208,037 "," 7,163 "," 210,671 "," 7,343 "," 219,087 "," 7,620 "," 237,100 "," 7,620 "," 237,100 ",대전,1.99%,1.78%,1.99%,1.60%,1.94%,1.57%,1.97%,1.61%,1.97%,1.61%,,,,,,
제조업,충북," 6,202 "," 207,982 "," 7,252 "," 249,046 "," 7,764 "," 272,120 "," 8,279 "," 302,280 "," 8,279 "," 302,280 ",충북,1.99%,1.78%,2.02%,1.89%,2.06%,1.95%,2.14%,2.06%,2.14%,2.06%,,,,,,
제조업,충남," 8,029 "," 287,527 "," 9,426 "," 338,377 "," 10,138 "," 398,435 "," 10,763 "," 435,056 "," 10,763 "," 435,056 ",충남,2.57%,2.45%,2.62%,2.57%,2.68%,2.86%,2.78%,2.96%,2.78%,2.96%,,,,,,
제조업,세종, 523 ," 15,757 ", 731 ," 21,139 ", 909 ," 28,719 "," 1,076 "," 37,157 "," 1,076 "," 37,157 ",세종,0.17%,0.13%,0.20%,0.16%,0.24%,0.21%,0.28%,0.25%,0.28%,0.25%,,,,,,
제조업,광주," 5,506 "," 127,040 "," 6,284 "," 147,483 "," 6,710 "," 165,846 "," 6,963 "," 184,017 "," 6,963 "," 184,017 ",광주,1.76%,1.08%,1.75%,1.12%,1.78%,1.19%,1.80%,1.25%,1.80%,1.25%,,,,,,
제조업,전북," 5,821 "," 136,454 "," 6,677 "," 157,356 "," 7,059 "," 166,150 "," 7,331 "," 178,631 "," 7,331 "," 178,631 ",전북,1.86%,1.16%,1.86%,1.19%,1.87%,1.19%,1.89%,1.22%,1.89%,1.22%,,,,,,
제조업,전남," 4,915 "," 106,413 "," 5,753 "," 120,874 "," 6,062 "," 133,158 "," 6,283 "," 150,573 "," 6,283 "," 150,573 ",전남,1.57%,0.91%,1.60%,0.92%,1.60%,0.95%,1.62%,1.02%,1.62%,1.02%,,,,,,
제조업,대구," 25,223 "," 1,126,266 "," 29,215 "," 1,282,439 "," 30,903 "," 1,360,744 "," 31,714 "," 1,407,012 "," 31,714 "," 1,407,012 ",대구,8.07%,9.61%,8.12%,9.72%,8.18%,9.76%,8.18%,9.58%,8.18%,9.58%,,,,,,
제조업,경북," 13,215 "," 524,098 "," 15,360 "," 544,098 "," 16,169 "," 574,746 "," 17,069 "," 650,501 "," 17,069 "," 650,501 ",경북,4.23%,4.47%,4.27%,4.13%,4.28%,4.12%,4.40%,4.43%,4.40%,4.43%,,,,,,
제조업,부산," 27,119 "," 1,208,041 "," 30,780 "," 1,357,975 "," 32,037 "," 1,362,334 "," 31,706 "," 1,322,477 "," 31,706 "," 1,322,477 ",부산,8.68%,10.31%,8.56%,10.30%,8.48%,9.77%,8.18%,9.00%,8.18%,9.00%,,,,,,
제조업,울산," 5,779 "," 309,965 "," 6,772 "," 355,168 "," 7,000 "," 316,817 "," 7,084 "," 278,087 "," 7,084 "," 278,087 ",울산,1.85%,2.65%,1.88%,2.69%,1.85%,2.27%,1.83%,1.89%,1.83%,1.89%,,,,,,
제조업,경남," 26,931 "," 1,166,024 "," 31,065 "," 1,283,736 "," 32,540 "," 1,268,798 "," 32,739 "," 1,282,968 "," 32,739 "," 1,282,968 ",경남,8.62%,9.95%,8.64%,9.73%,8.61%,9.10%,8.45%,8.73%,8.45%,8.73%,,,,,,
제조업,제주," 1,306 "," 29,589 "," 1,619 "," 39,563 "," 1,791 "," 47,003 "," 2,042 "," 56,479 "," 2,042 "," 56,479 ",제주,0.42%,0.25%,0.45%,0.30%,0.47%,0.34%,0.53%,0.38%,0.53%,0.38%,,,,,,
전기·가스·수도업,합계," 5,447 ",-82 ," 7,800 "," 26,361 "," 10,906 "," 25,700 "," 13,464 "," 29,302 "," 13,464 "," 29,302 ",,,,,,,,,,,,,,,,,
전기·가스·수도업,서울, 377 , 478 , 559 ," 3,734 ", 784 ," 3,291 "," 1,072 "," 4,185 "," 1,072 "," 4,185 ",서울,6.92%,-582.93%,7.17%,14.16%,7.19%,12.81%,7.96%,14.28%,7.96%,14.28%,,,,,,
전기·가스·수도업,인천, 47 ,-92 , 58 ," 1,425 ", 111 , 303 , 166 ," 1,763 ", 166 ," 1,763 ",인천,0.86%,112.20%,0.74%,5.41%,1.02%,1.18%,1.23%,6.02%,1.23%,6.02%,,,,,,
전기·가스·수도업,경기, 482 , 62 , 632 ," 3,462 ", 896 ," 1,091 "," 1,192 "," 2,156 "," 1,192 "," 2,156 ",경기,8.85%,-75.61%,8.10%,13.13%,8.22%,4.25%,8.85%,7.36%,8.85%,7.36%,,,,,,
전기·가스·수도업,강원, 124 ,-34 , 222 ," 1,002 ", 353 , 425 , 463 , 198 , 463 , 198 ,강원,2.28%,41.46%,2.85%,3.80%,3.24%,1.65%,3.44%,0.68%,3.44%,0.68%,,,,,,
전기·가스·수도업,대전, 129 ,-355 , 187 ,-282 , 311 , 293 , 415 ,-23 , 415 ,-23 ,대전,2.37%,432.93%,2.40%,-1.07%,2.85%,1.14%,3.08%,-0.08%,3.08%,-0.08%,,,,,,
전기·가스·수도업,충북, 231 ,-132 , 268 ," 1,492 ", 394 , 758 , 499 , 965 , 499 , 965 ,충북,4.24%,160.98%,3.44%,5.66%,3.61%,2.95%,3.71%,3.29%,3.71%,3.29%,,,,,,
전기·가스·수도업,충남, 264 , 571 , 381 ," 2,264 ", 586 ," 1,846 ", 680 ," 1,756 ", 680 ," 1,756 ",충남,4.85%,-696.34%,4.88%,8.59%,5.37%,7.18%,5.05%,5.99%,5.05%,5.99%,,,,,,
전기·가스·수도업,세종, 24 , 39 , 44 ,-199 , 74 , 199 , 94 , 250 , 94 , 250 ,세종,0.44%,-47.56%,0.56%,-0.75%,0.68%,0.77%,0.70%,0.85%,0.70%,0.85%,,,,,,
전기·가스·수도업,광주, 632 ,-250 ," 1,121 "," 1,354 "," 1,416 "," 3,086 "," 1,660 "," 2,238 "," 1,660 "," 2,238 ",광주,11.60%,304.88%,14.37%,5.14%,12.98%,12.01%,12.33%,7.64%,12.33%,7.64%,,,,,,
전기·가스·수도업,전북," 1,983 ","-1,121 "," 2,597 "," 5,077 "," 3,513 "," 6,970 "," 3,974 "," 6,472 "," 3,974 "," 6,472 ",전북,36.41%,1367.07%,33.29%,19.26%,32.21%,27.12%,29.52%,22.09%,29.52%,22.09%,,,,,,
전기·가스·수도업,전남, 492 ,-17 , 785 ," 1,225 "," 1,108 "," 2,642 "," 1,378 "," 3,732 "," 1,378 "," 3,732 ",전남,9.03%,20.73%,10.06%,4.65%,10.16%,10.28%,10.23%,12.74%,10.23%,12.74%,,,,,,
전기·가스·수도업,대구, 101 ,-156 , 165 , 784 , 211 , 522 , 321 , 766 , 321 , 766 ,대구,1.85%,190.24%,2.12%,2.97%,1.93%,2.03%,2.38%,2.61%,2.38%,2.61%,,,,,,
전기·가스·수도업,경북, 230 , 496 , 369 ," 2,697 ", 541 ," 1,951 ", 707 ," 1,585 ", 707 ," 1,585 ",경북,4.22%,-604.88%,4.73%,10.23%,4.96%,7.59%,5.25%,5.41%,5.25%,5.41%,,,,,,
전기·가스·수도업,부산, 58 , 886 , 65 ," 2,113 ", 94 ," 1,046 ", 123 ," 1,494 ", 123 ," 1,494 ",부산,1.06%,-1080.49%,0.83%,8.02%,0.86%,4.07%,0.91%,5.10%,0.91%,5.10%,,,,,,
전기·가스·수도업,울산, 16 ,-267 , 19 ,-198 , 35 ,-48 , 52 , 103 , 52 , 103 ,울산,0.29%,325.61%,0.24%,-0.75%,0.32%,-0.19%,0.39%,0.35%,0.39%,0.35%,,,,,,
전기·가스·수도업,경남, 208 ,-18 , 253 , 626 , 370 ," 1,123 ", 520 ," 1,370 ", 520 ," 1,370 ",경남,3.82%,21.95%,3.24%,2.37%,3.39%,4.37%,3.86%,4.68%,3.86%,4.68%,,,,,,
전기·가스·수도업,제주, 49 ,-172 , 75 ,-215 , 109 , 201 , 148 , 291 , 148 , 291 ,제주,0.90%,209.76%,0.96%,-0.82%,1.00%,0.78%,1.10%,0.99%,1.10%,0.99%,,,,,,
"하수ㆍ폐기물처리, 원료재생 및 환경복원업",합계," 3,868 "," 136,364 "," 4,289 "," 158,056 "," 4,417 "," 162,195 "," 4,498 "," 188,497 "," 4,498 "," 188,497 ",,,,,,,,,,,,,,,,,
"하수ㆍ폐기물처리, 원료재생 및 환경복원업",서울, 238 ," 10,185 ", 263 ," 9,985 ", 251 ," 10,046 ", 251 ," 9,449 ", 251 ," 9,449 ",서울,6.15%,7.47%,6.13%,6.32%,5.68%,6.19%,5.58%,5.01%,5.58%,5.01%,,,,,,
"하수ㆍ폐기물처리, 원료재생 및 환경복원업",인천, 207 ," 5,127 ", 233 ," 11,144 ", 277 ," 10,996 ", 266 ," 13,812 ", 266 ," 13,812 ",인천,5.35%,3.76%,5.43%,7.05%,6.27%,6.78%,5.91%,7.33%,5.91%,7.33%,,,,,,
"하수ㆍ폐기물처리, 원료재생 및 환경복원업",경기," 1,020 "," 41,215 "," 1,133 "," 42,964 "," 1,203 "," 45,144 "," 1,252 "," 49,719 "," 1,252 "," 49,719 ",경기,26.37%,30.22%,26.42%,27.18%,27.24%,27.83%,27.83%,26.38%,27.83%,26.38%,,,,,,
"하수ㆍ폐기물처리, 원료재생 및 환경복원업",강원, 180 ," 4,019 ", 203 ," 4,946 ", 202 ," 5,759 ", 219 ," 6,146 ", 219 ," 6,146 ",강원,4.65%,2.95%,4.73%,3.13%,4.57%,3.55%,4.87%,3.26%,4.87%,3.26%,,,,,,
"하수ㆍ폐기물처리, 원료재생 및 환경복원업",대전, 48 ," 1,634 ", 50 ," 2,740 ", 55 ," 3,635 ", 65 ," 2,951 ", 65 ," 2,951 ",대전,1.24%,1.20%,1.17%,1.73%,1.25%,2.24%,1.45%,1.57%,1.45%,1.57%,,,,,,
"하수ㆍ폐기물처리, 원료재생 및 환경복원업",충북, 209 ," 8,109 ", 255 ," 10,820 ", 263 ," 10,114 ", 257 ," 10,872 ", 257 ," 10,872 ",충북,5.40%,5.95%,5.95%,6.85%,5.95%,6.24%,5.71%,5.77%,5.71%,5.77%,,,,,,
"하수ㆍ폐기물처리, 원료재생 및 환경복원업",충남, 199 ," 4,369 ", 229 ," 5,671 ", 244 ," 7,894 ", 228 ," 7,809 ", 228 ," 7,809 ",충남,5.14%,3.20%,5.34%,3.59%,5.52%,4.87%,5.07%,4.14%,5.07%,4.14%,,,,,,
"하수ㆍ폐기물처리, 원료재생 및 환경복원업",세종, 13 ," 1,554 ", 18 ," 1,659 ", 18 ," 2,493 ", 17 ," 1,251 ", 17 ," 1,251 ",세종,0.34%,1.14%,0.42%,1.05%,0.41%,1.54%,0.38%,0.66%,0.38%,0.66%,,,,,,
"하수ㆍ폐기물처리, 원료재생 및 환경복원업",광주, 82 ," 1,596 ", 72 ," 1,873 ", 73 ," 1,557 ", 78 ," 3,160 ", 78 ," 3,160 ",광주,2.12%,1.17%,1.68%,1.19%,1.65%,0.96%,1.73%,1.68%,1.73%,1.68%,,,,,,
"하수ㆍ폐기물처리, 원료재생 및 환경복원업",전북, 142 ," 3,065 ", 150 ," 2,816 ", 152 ," 3,476 ", 166 ," 4,153 ", 166 ," 4,153 ",전북,3.67%,2.25%,3.50%,1.78%,3.44%,2.14%,3.69%,2.20%,3.69%,2.20%,,,,,,
"하수ㆍ폐기물처리, 원료재생 및 환경복원업",전남, 153 ," 2,245 ", 157 ," 2,741 ", 138 ," 2,499 ", 142 ," 3,157 ", 142 ," 3,157 ",전남,3.96%,1.65%,3.66%,1.73%,3.12%,1.54%,3.16%,1.67%,3.16%,1.67%,,,,,,
"하수ㆍ폐기물처리, 원료재생 및 환경복원업",대구, 269 ," 13,079 ", 292 ," 13,314 ", 318 ," 14,000 ", 303 ," 17,340 ", 303 ," 17,340 ",대구,6.95%,9.59%,6.81%,8.42%,7.20%,8.63%,6.74%,9.20%,6.74%,9.20%,,,,,,
"하수ㆍ폐기물처리, 원료재생 및 환경복원업",경북, 345 ," 12,928 ", 390 ," 13,744 ", 378 ," 12,466 ", 394 ," 16,969 ", 394 ," 16,969 ",경북,8.92%,9.48%,9.09%,8.70%,8.56%,7.69%,8.76%,9.00%,8.76%,9.00%,,,,,,
"하수ㆍ폐기물처리, 원료재생 및 환경복원업",부산, 284 ," 13,001 ", 308 ," 15,228 ", 310 ," 13,551 ", 301 ," 17,641 ", 301 ," 17,641 ",부산,7.34%,9.53%,7.18%,9.63%,7.02%,8.35%,6.69%,9.36%,6.69%,9.36%,,,,,,
"하수ㆍ폐기물처리, 원료재생 및 환경복원업",울산, 79 ," 2,698 ", 71 ," 3,968 ", 84 ," 3,800 ", 84 ," 4,642 ", 84 ," 4,642 ",울산,2.04%,1.98%,1.66%,2.51%,1.90%,2.34%,1.87%,2.46%,1.87%,2.46%,,,,,,
"하수ㆍ폐기물처리, 원료재생 및 환경복원업",경남, 344 ," 9,882 ", 405 ," 12,838 ", 388 ," 12,840 ", 410 ," 16,961 ", 410 ," 16,961 ",경남,8.89%,7.25%,9.44%,8.12%,8.78%,7.92%,9.12%,9.00%,9.12%,9.00%,,,,,,
"하수ㆍ폐기물처리, 원료재생 및 환경복원업",제주, 56 ," 1,658 ", 60 ," 1,605 ", 63 ," 1,923 ", 65 ," 2,465 ", 65 ," 2,465 ",제주,1.45%,1.22%,1.40%,1.02%,1.43%,1.19%,1.45%,1.31%,1.45%,1.31%,,,,,,
건설업,합계," 259,491 "," 4,273,959 "," 307,649 "," 6,065,092 "," 335,269 "," 7,258,723 "," 357,066 "," 7,779,516 "," 357,066 "," 7,779,516 ",,,,,,,,,,,,,,,,,
건설업,서울," 36,390 "," 777,624 "," 45,294 "," 1,301,789 "," 49,178 "," 1,556,829 "," 50,050 "," 1,650,315 "," 50,050 "," 1,650,315 ",서울,14.02%,18.19%,14.72%,21.46%,14.67%,21.45%,14.02%,21.21%,14.02%,21.21%,,,,,,
건설업,인천," 15,391 "," 288,346 "," 18,160 "," 445,246 "," 20,376 "," 599,275 "," 21,977 "," 660,915 "," 21,977 "," 660,915 ",인천,5.93%,6.75%,5.90%,7.34%,6.08%,8.26%,6.15%,8.50%,6.15%,8.50%,,,,,,
건설업,경기," 63,604 "," 1,134,836 "," 77,611 "," 1,652,574 "," 86,555 "," 2,017,874 "," 94,755 "," 2,260,789 "," 94,755 "," 2,260,789 ",경기,24.51%,26.55%,25.23%,27.25%,25.82%,27.80%,26.54%,29.06%,26.54%,29.06%,,,,,,
건설업,강원," 12,396 "," 143,508 "," 13,734 "," 165,071 "," 14,631 "," 215,720 "," 15,556 "," 230,328 "," 15,556 "," 230,328 ",강원,4.78%,3.36%,4.46%,2.72%,4.36%,2.97%,4.36%,2.96%,4.36%,2.96%,,,,,,
건설업,대전," 6,686 "," 100,087 "," 7,539 "," 121,800 "," 8,171 "," 141,780 "," 8,642 "," 148,615 "," 8,642 "," 148,615 ",대전,2.58%,2.34%,2.45%,2.01%,2.44%,1.95%,2.42%,1.91%,2.42%,1.91%,,,,,,
건설업,충북," 10,703 "," 145,852 "," 11,994 "," 161,870 "," 12,868 "," 197,121 "," 13,933 "," 215,386 "," 13,933 "," 215,386 ",충북,4.12%,3.41%,3.90%,2.67%,3.84%,2.72%,3.90%,2.77%,3.90%,2.77%,,,,,,
건설업,충남," 13,379 "," 178,720 "," 14,867 "," 239,683 "," 16,261 "," 268,991 "," 18,033 "," 306,861 "," 18,033 "," 306,861 ",충남,5.16%,4.18%,4.83%,3.95%,4.85%,3.71%,5.05%,3.94%,5.05%,3.94%,,,,,,
건설업,세종," 1,429 "," 23,356 "," 1,459 "," 19,858 "," 1,685 "," 23,550 "," 1,971 "," 26,389 "," 1,971 "," 26,389 ",세종,0.55%,0.55%,0.47%,0.33%,0.50%,0.32%,0.55%,0.34%,0.55%,0.34%,,,,,,
건설업,광주," 6,938 "," 81,322 "," 7,814 "," 115,600 "," 8,395 "," 124,560 "," 9,299 "," 131,582 "," 9,299 "," 131,582 ",광주,2.67%,1.90%,2.54%,1.91%,2.50%,1.72%,2.60%,1.69%,2.60%,1.69%,,,,,,
건설업,전북," 11,352 "," 88,086 "," 13,166 "," 158,384 "," 13,584 "," 170,091 "," 14,175 "," 129,228 "," 14,175 "," 129,228 ",전북,4.37%,2.06%,4.28%,2.61%,4.05%,2.34%,3.97%,1.66%,3.97%,1.66%,,,,,,
건설업,전남," 11,714 "," 124,590 "," 12,947 "," 158,917 "," 13,822 "," 184,395 "," 14,625 "," 201,302 "," 14,625 "," 201,302 ",전남,4.51%,2.92%,4.21%,2.62%,4.12%,2.54%,4.10%,2.59%,4.10%,2.59%,,,,,,
건설업,대구," 11,278 "," 246,271 "," 13,319 "," 325,542 "," 14,109 "," 312,301 "," 14,904 "," 313,961 "," 14,904 "," 313,961 ",대구,4.35%,5.76%,4.33%,5.37%,4.21%,4.30%,4.17%,4.04%,4.17%,4.04%,,,,,,
건설업,경북," 16,709 "," 224,236 "," 19,430 "," 285,653 "," 20,737 "," 335,782 "," 21,835 "," 349,439 "," 21,835 "," 349,439 ",경북,6.44%,5.25%,6.32%,4.71%,6.19%,4.63%,6.12%,4.49%,6.12%,4.49%,,,,,,
건설업,부산," 14,053 "," 298,509 "," 16,681 "," 361,774 "," 17,931 "," 421,614 "," 18,880 "," 448,824 "," 18,880 "," 448,824 ",부산,5.42%,6.98%,5.42%,5.96%,5.35%,5.81%,5.29%,5.77%,5.29%,5.77%,,,,,,
건설업,울산," 5,772 "," 98,456 "," 6,826 "," 134,939 "," 7,348 "," 156,973 "," 7,706 "," 158,021 "," 7,706 "," 158,021 ",울산,2.22%,2.30%,2.22%,2.22%,2.19%,2.16%,2.16%,2.03%,2.16%,2.03%,,,,,,
건설업,경남," 17,692 "," 256,701 "," 21,659 "," 311,867 "," 23,377 "," 355,448 "," 23,838 "," 384,432 "," 23,838 "," 384,432 ",경남,6.82%,6.01%,7.04%,5.14%,6.97%,4.90%,6.68%,4.94%,6.68%,4.94%,,,,,,
건설업,제주," 4,005 "," 63,459 "," 5,149 "," 104,525 "," 6,241 "," 176,421 "," 6,887 "," 163,128 "," 6,887 "," 163,128 ",제주,1.54%,1.48%,1.67%,1.72%,1.86%,2.43%,1.93%,2.10%,1.93%,2.10%,,,,,,
도·소매업,합계," 987,874 "," 17,213,503 "," 1,173,840 "," 20,247,204 "," 1,230,746 "," 20,872,371 "," 1,277,461 "," 21,988,937 "," 1,277,461 "," 21,988,937 ",,,,,,,,,,,,,,,,,
도·소매업,서울," 208,974 "," 3,730,155 "," 242,984 "," 4,623,659 "," 248,396 "," 4,486,409 "," 253,795 "," 4,570,697 "," 253,795 "," 4,570,697 ",서울,21.15%,21.67%,20.70%,22.84%,20.18%,21.49%,19.87%,20.79%,19.87%,20.79%,,,,,,
도·소매업,인천," 54,936 "," 908,698 "," 65,218 "," 1,103,932 "," 68,920 "," 1,115,090 "," 72,464 "," 1,192,915 "," 72,464 "," 1,192,915 ",인천,5.56%,5.28%,5.56%,5.45%,5.60%,5.34%,5.67%,5.43%,5.67%,5.43%,,,,,,
도·소매업,경기," 234,819 "," 4,117,014 "," 281,990 "," 5,027,516 "," 299,320 "," 5,073,000 "," 315,378 "," 5,478,739 "," 315,378 "," 5,478,739 ",경기,23.77%,23.92%,24.02%,24.83%,24.32%,24.30%,24.69%,24.92%,24.69%,24.92%,,,,,,
도·소매업,강원," 28,909 "," 431,123 "," 34,512 "," 541,306 "," 36,181 "," 541,717 "," 37,549 "," 587,066 "," 37,549 "," 587,066 ",강원,2.93%,2.50%,2.94%,2.67%,2.94%,2.60%,2.94%,2.67%,2.94%,2.67%,,,,,,
도·소매업,대전," 32,303 "," 552,201 "," 37,272 "," 663,115 "," 38,340 "," 638,230 "," 39,724 "," 668,909 "," 39,724 "," 668,909 ",대전,3.27%,3.21%,3.18%,3.28%,3.12%,3.06%,3.11%,3.04%,3.11%,3.04%,,,,,,
도·소매업,충북," 28,739 "," 475,438 "," 34,370 "," 583,853 "," 36,382 "," 581,142 "," 37,224 "," 613,702 "," 37,224 "," 613,702 ",충북,2.91%,2.76%,2.93%,2.88%,2.96%,2.78%,2.91%,2.79%,2.91%,2.79%,,,,,,
도·소매업,충남," 37,407 "," 614,305 "," 45,012 "," 756,368 "," 47,506 "," 750,348 "," 49,514 "," 792,756 "," 49,514 "," 792,756 ",충남,3.79%,3.57%,3.83%,3.74%,3.86%,3.59%,3.88%,3.61%,3.88%,3.61%,,,,,,
도·소매업,세종," 2,356 "," 38,462 "," 3,898 "," 63,571 "," 4,649 "," 72,974 "," 5,592 "," 91,959 "," 5,592 "," 91,959 ",세종,0.24%,0.22%,0.33%,0.31%,0.38%,0.35%,0.44%,0.42%,0.44%,0.42%,,,,,,
도·소매업,광주," 29,630 "," 447,882 "," 35,477 "," 547,946 "," 37,157 "," 556,000 "," 38,051 "," 585,732 "," 38,051 "," 585,732 ",광주,3.00%,2.60%,3.02%,2.71%,3.02%,2.66%,2.98%,2.66%,2.98%,2.66%,,,,,,
도·소매업,전북," 35,191 "," 518,096 "," 42,361 "," 635,967 "," 44,445 "," 619,610 "," 45,722 "," 654,280 "," 45,722 "," 654,280 ",전북,3.56%,3.01%,3.61%,3.14%,3.61%,2.97%,3.58%,2.98%,3.58%,2.98%,,,,,,
도·소매업,전남," 32,348 "," 473,295 "," 38,761 "," 577,189 "," 41,390 "," 577,796 "," 42,741 "," 614,159 "," 42,741 "," 614,159 ",전남,3.27%,2.75%,3.30%,2.85%,3.36%,2.77%,3.35%,2.79%,3.35%,2.79%,,,,,,
도·소매업,대구," 53,653 "," 1,099,437 "," 63,701 "," 1,330,635 "," 67,160 "," 1,347,147 "," 69,766 "," 1,409,791 "," 69,766 "," 1,409,791 ",대구,5.43%,6.39%,5.43%,6.57%,5.46%,6.45%,5.46%,6.41%,5.46%,6.41%,,,,,,
도·소매업,경북," 46,012 "," 786,095 "," 55,196 "," 928,985 "," 57,983 "," 915,341 "," 60,204 "," 972,187 "," 60,204 "," 972,187 ",경북,4.66%,4.57%,4.70%,4.59%,4.71%,4.39%,4.71%,4.42%,4.71%,4.42%,,,,,,
도·소매업,부산," 72,960 "," 1,379,952 "," 85,070 "," 859,348 "," 88,897 "," 1,611,115 "," 91,005 "," 1,671,828 "," 91,005 "," 1,671,828 ",부산,7.39%,8.02%,7.25%,4.24%,7.22%,7.72%,7.12%,7.60%,7.12%,7.60%,,,,,,
도·소매업,울산," 18,142 "," 348,834 "," 21,808 "," 415,781 "," 22,830 "," 401,389 "," 23,491 "," 412,536 "," 23,491 "," 412,536 ",울산,1.84%,2.03%,1.86%,2.05%,1.85%,1.92%,1.84%,1.88%,1.84%,1.88%,,,,,,
도·소매업,경남," 58,919 "," 1,058,679 "," 70,769 "," 1,278,053 "," 74,426 "," 1,245,965 "," 77,483 "," 1,310,986 "," 77,483 "," 1,310,986 ",경남,5.96%,6.15%,6.03%,6.31%,6.05%,5.97%,6.07%,5.96%,6.07%,5.96%,,,,,,
도·소매업,제주," 12,576 "," 233,837 "," 15,441 "," 309,980 "," 16,764 "," 339,097 "," 17,758 "," 360,699 "," 17,758 "," 360,699 ",제주,1.27%,1.36%,1.32%,1.53%,1.36%,1.62%,1.39%,1.64%,1.39%,1.64%,,,,,,
음식·숙박업,합계," 611,240 "," 6,028,005 "," 736,102 "," 7,880,574 "," 785,124 "," 8,021,723 "," 820,587 "," 8,880,930 "," 820,587 "," 8,880,930 ",,,,,,,,,,,,,,,,,
음식·숙박업,서울," 118,823 "," 1,295,029 "," 140,013 "," 1,653,821 "," 144,682 "," 1,688,191 "," 147,901 "," 1,805,854 "," 147,901 "," 1,805,854 ",서울,19.44%,21.48%,19.02%,20.99%,18.43%,21.05%,18.02%,20.33%,18.02%,20.33%,,,,,,
음식·숙박업,인천," 31,613 "," 296,239 "," 37,826 "," 382,519 "," 40,326 "," 395,978 "," 42,068 "," 449,385 "," 42,068 "," 449,385 ",인천,5.17%,4.91%,5.14%,4.85%,5.14%,4.94%,5.13%,5.06%,5.13%,5.06%,,,,,,
음식·숙박업,경기," 138,705 "," 1,409,840 "," 167,348 "," 1,856,802 "," 179,461 "," 1,918,932 "," 189,210 "," 2,177,661 "," 189,210 "," 2,177,661 ",경기,22.69%,23.39%,22.73%,23.56%,22.86%,23.92%,23.06%,24.52%,23.06%,24.52%,,,,,,
음식·숙박업,강원," 25,757 "," 254,606 "," 30,348 "," 335,433 "," 32,694 "," 344,756 "," 34,752 "," 410,947 "," 34,752 "," 410,947 ",강원,4.21%,4.22%,4.12%,4.26%,4.16%,4.30%,4.24%,4.63%,4.24%,4.63%,,,,,,
음식·숙박업,대전," 17,992 "," 182,712 "," 21,146 "," 225,511 "," 22,655 "," 228,422 "," 23,311 "," 250,201 "," 23,311 "," 250,201 ",대전,2.94%,3.03%,2.87%,2.86%,2.89%,2.85%,2.84%,2.82%,2.84%,2.82%,,,,,,
음식·숙박업,충북," 20,294 "," 188,781 "," 24,438 "," 243,991 "," 26,396 "," 250,389 "," 27,467 "," 279,622 "," 27,467 "," 279,622 ",충북,3.32%,3.13%,3.32%,3.10%,3.36%,3.12%,3.35%,3.15%,3.35%,3.15%,,,,,,
음식·숙박업,충남," 26,575 "," 262,499 "," 31,779 "," 340,240 "," 34,171 "," 351,322 "," 36,190 "," 383,796 "," 36,190 "," 383,796 ",충남,4.35%,4.35%,4.32%,4.32%,4.35%,4.38%,4.41%,4.32%,4.41%,4.32%,,,,,,
음식·숙박업,세종," 1,946 "," 20,140 "," 3,090 "," 32,025 "," 3,600 "," 37,494 "," 4,351 "," 47,167 "," 4,351 "," 47,167 ",세종,0.32%,0.33%,0.42%,0.41%,0.46%,0.47%,0.53%,0.53%,0.53%,0.53%,,,,,,
음식·숙박업,광주," 16,790 "," 133,806 "," 20,414 "," 178,551 "," 21,563 "," 182,600 "," 22,492 "," 200,151 "," 22,492 "," 200,151 ",광주,2.75%,2.22%,2.77%,2.27%,2.75%,2.28%,2.74%,2.25%,2.74%,2.25%,,,,,,
음식·숙박업,전북," 20,595 "," 176,318 "," 25,157 "," 230,809 "," 26,882 "," 234,854 "," 28,101 "," 261,277 "," 28,101 "," 261,277 ",전북,3.37%,2.92%,3.42%,2.93%,3.42%,2.93%,3.42%,2.94%,3.42%,2.94%,,,,,,
음식·숙박업,전남," 22,611 "," 190,644 "," 27,544 "," 255,514 "," 29,939 "," 258,627 "," 31,684 "," 287,431 "," 31,684 "," 287,431 ",전남,3.70%,3.16%,3.74%,3.24%,3.81%,3.22%,3.86%,3.24%,3.86%,3.24%,,,,,,
음식·숙박업,대구," 26,176 "," 259,118 "," 31,871 "," 347,872 "," 34,392 "," 347,417 "," 36,290 "," 375,971 "," 36,290 "," 375,971 ",대구,4.28%,4.30%,4.33%,4.41%,4.38%,4.33%,4.42%,4.23%,4.42%,4.23%,,,,,,
음식·숙박업,경북," 32,438 "," 298,554 "," 39,296 "," 390,192 "," 41,968 "," 384,204 "," 44,359 "," 420,501 "," 44,359 "," 420,501 ",경북,5.31%,4.95%,5.34%,4.95%,5.35%,4.79%,5.41%,4.73%,5.41%,4.73%,,,,,,
음식·숙박업,부산," 40,720 "," 393,966 "," 48,321 "," 516,087 "," 51,488 "," 505,830 "," 53,188 "," 560,084 "," 53,188 "," 560,084 ",부산,6.66%,6.54%,6.56%,6.55%,6.56%,6.31%,6.48%,6.31%,6.48%,6.31%,,,,,,
음식·숙박업,울산," 14,766 "," 146,491 "," 18,011 "," 186,295 "," 19,522 "," 178,732 "," 20,076 "," 192,484 "," 20,076 "," 192,484 ",울산,2.42%,2.43%,2.45%,2.36%,2.49%,2.23%,2.45%,2.17%,2.45%,2.17%,,,,,,
음식·숙박업,경남," 44,386 "," 378,415 "," 54,633 "," 494,005 "," 58,765 "," 482,624 "," 61,009 "," 516,861 "," 61,009 "," 516,861 ",경남,7.26%,6.28%,7.42%,6.27%,7.48%,6.02%,7.43%,5.82%,7.43%,5.82%,,,,,,
음식·숙박업,제주," 11,053 "," 140,847 "," 14,867 "," 210,907 "," 16,620 "," 231,351 "," 18,138 "," 261,538 "," 18,138 "," 261,538 ",제주,1.81%,2.34%,2.02%,2.68%,2.12%,2.88%,2.21%,2.94%,2.21%,2.94%,,,,,,
운수·창고·통신업,합계," 305,095 "," 2,608,181 "," 342,499 "," 3,054,700 "," 376,328 "," 3,463,424 "," 405,920 "," 3,839,772 "," 405,920 "," 3,839,772 ",,,,,,,,,,,,,,,,,
운수·창고·통신업,서울," 36,888 "," 249,930 "," 43,998 "," 302,286 "," 49,852 "," 350,717 "," 54,203 "," 403,284 "," 54,203 "," 403,284 ",서울,12.09%,9.58%,12.85%,9.90%,13.25%,10.13%,13.35%,10.50%,13.35%,10.50%,,,,,,
운수·창고·통신업,인천," 20,904 "," 183,187 "," 23,131 "," 213,677 "," 26,387 "," 246,153 "," 28,197 "," 273,855 "," 28,197 "," 273,855 ",인천,6.85%,7.02%,6.75%,7.00%,7.01%,7.11%,6.95%,7.13%,6.95%,7.13%,,,,,,
운수·창고·통신업,경기," 78,012 "," 610,737 "," 89,773 "," 737,050 "," 101,077 "," 870,165 "," 111,326 "," 990,610 "," 111,326 "," 990,610 ",경기,25.57%,23.42%,26.21%,24.13%,26.86%,25.12%,27.43%,25.80%,27.43%,25.80%,,,,,,
운수·창고·통신업,강원," 7,306 "," 60,903 "," 7,884 "," 68,941 "," 8,709 "," 81,051 "," 9,351 "," 91,599 "," 9,351 "," 91,599 ",강원,2.39%,2.34%,2.30%,2.26%,2.31%,2.34%,2.30%,2.39%,2.30%,2.39%,,,,,,
운수·창고·통신업,대전," 8,666 "," 76,287 "," 9,261 "," 84,523 "," 9,768 "," 93,345 "," 10,140 "," 101,475 "," 10,140 "," 101,475 ",대전,2.84%,2.92%,2.70%,2.77%,2.60%,2.70%,2.50%,2.64%,2.50%,2.64%,,,,,,
운수·창고·통신업,충북," 11,041 "," 106,982 "," 12,062 "," 125,057 "," 13,068 "," 142,736 "," 14,220 "," 155,860 "," 14,220 "," 155,860 ",충북,3.62%,4.10%,3.52%,4.09%,3.47%,4.12%,3.50%,4.06%,3.50%,4.06%,,,,,,
운수·창고·통신업,충남," 15,219 "," 145,019 "," 16,787 "," 168,737 "," 18,514 "," 194,876 "," 20,124 "," 213,728 "," 20,124 "," 213,728 ",충남,4.99%,5.56%,4.90%,5.52%,4.92%,5.63%,4.96%,5.57%,4.96%,5.57%,,,,,,
운수·창고·통신업,세종, 955 ," 9,344 "," 1,342 "," 13,523 "," 1,512 "," 16,273 "," 1,674 "," 18,805 "," 1,674 "," 18,805 ",세종,0.31%,0.36%,0.39%,0.44%,0.40%,0.47%,0.41%,0.49%,0.41%,0.49%,,,,,,
운수·창고·통신업,광주," 9,444 "," 68,422 "," 10,175 "," 80,219 "," 10,679 "," 90,565 "," 11,201 "," 99,933 "," 11,201 "," 99,933 ",광주,3.10%,2.62%,2.97%,2.63%,2.84%,2.61%,2.76%,2.60%,2.76%,2.60%,,,,,,
운수·창고·통신업,전북," 13,728 "," 115,020 "," 14,652 "," 129,168 "," 15,225 "," 140,496 "," 15,779 "," 153,785 "," 15,779 "," 153,785 ",전북,4.50%,4.41%,4.28%,4.23%,4.05%,4.06%,3.89%,4.01%,3.89%,4.01%,,,,,,
운수·창고·통신업,전남," 11,505 "," 109,923 "," 12,298 "," 129,904 "," 13,322 "," 145,002 "," 13,674 "," 161,600 "," 13,674 "," 161,600 ",전남,3.77%,4.21%,3.59%,4.25%,3.54%,4.19%,3.37%,4.21%,3.37%,4.21%,,,,,,
운수·창고·통신업,대구," 15,659 "," 128,524 "," 16,660 "," 144,776 "," 17,466 "," 160,909 "," 18,407 "," 174,314 "," 18,407 "," 174,314 ",대구,5.13%,4.93%,4.86%,4.74%,4.64%,4.65%,4.53%,4.54%,4.53%,4.54%,,,,,,
운수·창고·통신업,경북," 18,422 "," 177,086 "," 21,716 "," 199,083 "," 23,204 "," 219,836 "," 25,602 "," 235,265 "," 25,602 "," 235,265 ",경북,6.04%,6.79%,6.34%,6.52%,6.17%,6.35%,6.31%,6.13%,6.31%,6.13%,,,,,,
운수·창고·통신업,부산," 25,718 "," 260,669 "," 28,385 "," 301,997 "," 30,493 "," 315,270 "," 32,446 "," 330,047 "," 32,446 "," 330,047 ",부산,8.43%,9.99%,8.29%,9.89%,8.10%,9.10%,7.99%,8.60%,7.99%,8.60%,,,,,,
운수·창고·통신업,울산," 6,960 "," 80,368 "," 7,577 "," 93,545 "," 7,984 "," 100,282 "," 8,368 "," 104,149 "," 8,368 "," 104,149 ",울산,2.28%,3.08%,2.21%,3.06%,2.12%,2.90%,2.06%,2.71%,2.06%,2.71%,,,,,,
운수·창고·통신업,경남," 22,437 "," 207,477 "," 24,238 "," 237,817 "," 25,964 "," 266,460 "," 27,824 "," 294,065 "," 27,824 "," 294,065 ",경남,7.35%,7.95%,7.08%,7.79%,6.90%,7.69%,6.85%,7.66%,6.85%,7.66%,,,,,,
운수·창고·통신업,제주," 2,231 "," 18,303 "," 2,560 "," 24,397 "," 3,104 "," 29,289 "," 3,384 "," 37,396 "," 3,384 "," 37,396 ",제주,0.73%,0.70%,0.75%,0.80%,0.82%,0.85%,0.83%,0.97%,0.83%,0.97%,,,,,,
출판ㆍ영상ㆍ방송통신 및 정보서비스업,합계," 30,729 "," 435,203 "," 37,956 "," 579,422 "," 41,217 "," 599,656 "," 45,185 "," 676,530 "," 45,185 "," 676,530 ",,,,,,,,,,,,,,,,,
출판ㆍ영상ㆍ방송통신 및 정보서비스업,서울," 12,654 "," 189,234 "," 15,649 "," 258,005 "," 16,694 "," 256,940 "," 17,871 "," 281,729 "," 17,871 "," 281,729 ",서울,41.18%,43.48%,41.23%,44.53%,40.50%,42.85%,39.55%,41.64%,39.55%,41.64%,,,,,,
출판ㆍ영상ㆍ방송통신 및 정보서비스업,인천," 1,531 "," 18,124 "," 1,966 "," 23,178 "," 2,200 "," 28,230 "," 2,511 "," 33,464 "," 2,511 "," 33,464 ",인천,4.98%,4.16%,5.18%,4.00%,5.34%,4.71%,5.56%,4.95%,5.56%,4.95%,,,,,,
출판ㆍ영상ㆍ방송통신 및 정보서비스업,경기," 9,833 "," 142,766 "," 12,411 "," 184,958 "," 13,703 "," 201,080 "," 15,351 "," 229,405 "," 15,351 "," 229,405 ",경기,32.00%,32.80%,32.70%,31.92%,33.25%,33.53%,33.97%,33.91%,33.97%,33.91%,,,,,,
출판ㆍ영상ㆍ방송통신 및 정보서비스업,강원, 433 ," 4,244 ", 473 ," 6,673 ", 546 ," 6,223 ", 606 ," 6,887 ", 606 ," 6,887 ",강원,1.41%,0.98%,1.25%,1.15%,1.32%,1.04%,1.34%,1.02%,1.34%,1.02%,,,,,,
출판ㆍ영상ㆍ방송통신 및 정보서비스업,대전, 654 ," 9,078 ", 758 ," 12,144 ", 828 ," 9,917 ", 895 ," 10,335 ", 895 ," 10,335 ",대전,2.13%,2.09%,2.00%,2.10%,2.01%,1.65%,1.98%,1.53%,1.98%,1.53%,,,,,,
출판ㆍ영상ㆍ방송통신 및 정보서비스업,충북, 349 ," 4,125 ", 389 ," 5,893 ", 460 ," 4,940 ", 523 ," 5,733 ", 523 ," 5,733 ",충북,1.14%,0.95%,1.02%,1.02%,1.12%,0.82%,1.16%,0.85%,1.16%,0.85%,,,,,,
출판ㆍ영상ㆍ방송통신 및 정보서비스업,충남, 462 ," 5,837 ", 569 ," 7,160 ", 624 ," 8,474 ", 679 ," 15,007 ", 679 ," 15,007 ",충남,1.50%,1.34%,1.50%,1.24%,1.51%,1.41%,1.50%,2.22%,1.50%,2.22%,,,,,,
출판ㆍ영상ㆍ방송통신 및 정보서비스업,세종, 55 , 657 , 127 ," 2,225 ", 179 ," 2,978 ", 232 ," 3,473 ", 232 ," 3,473 ",세종,0.18%,0.15%,0.33%,0.38%,0.43%,0.50%,0.51%,0.51%,0.51%,0.51%,,,,,,
출판ㆍ영상ㆍ방송통신 및 정보서비스업,광주, 463 ," 4,821 ", 505 ," 6,356 ", 571 ," 6,109 ", 535 ," 6,159 ", 535 ," 6,159 ",광주,1.51%,1.11%,1.33%,1.10%,1.39%,1.02%,1.18%,0.91%,1.18%,0.91%,,,,,,
출판ㆍ영상ㆍ방송통신 및 정보서비스업,전북, 356 ," 4,138 ", 433 ," 4,958 ", 443 ," 5,954 ", 462 ," 5,115 ", 462 ," 5,115 ",전북,1.16%,0.95%,1.14%,0.86%,1.07%,0.99%,1.02%,0.76%,1.02%,0.76%,,,,,,
출판ㆍ영상ㆍ방송통신 및 정보서비스업,전남, 270 ," 2,816 ", 326 ," 4,320 ", 342 ," 4,253 ", 390 ," 7,025 ", 390 ," 7,025 ",전남,0.88%,0.65%,0.86%,0.75%,0.83%,0.71%,0.86%,1.04%,0.86%,1.04%,,,,,,
출판ㆍ영상ㆍ방송통신 및 정보서비스업,대구, 835 ," 12,177 ", 959 ," 13,507 "," 1,026 "," 15,656 "," 1,150 "," 18,248 "," 1,150 "," 18,248 ",대구,2.72%,2.80%,2.53%,2.33%,2.49%,2.61%,2.55%,2.70%,2.55%,2.70%,,,,,,
출판ㆍ영상ㆍ방송통신 및 정보서비스업,경북, 535 ," 7,016 ", 619 ," 8,268 ", 664 ," 7,762 ", 667 ," 7,730 ", 667 ," 7,730 ",경북,1.74%,1.61%,1.63%,1.43%,1.61%,1.29%,1.48%,1.14%,1.48%,1.14%,,,,,,
출판ㆍ영상ㆍ방송통신 및 정보서비스업,부산," 1,213 "," 14,484 "," 1,435 "," 18,928 "," 1,523 "," 19,845 "," 1,647 "," 20,064 "," 1,647 "," 20,064 ",부산,3.95%,3.33%,3.78%,3.27%,3.70%,3.31%,3.65%,2.97%,3.65%,2.97%,,,,,,
출판ㆍ영상ㆍ방송통신 및 정보서비스업,울산, 223 ," 3,494 ", 282 ," 5,719 ", 265 ," 4,372 ", 333 ," 4,916 ", 333 ," 4,916 ",울산,0.73%,0.80%,0.74%,0.99%,0.64%,0.73%,0.74%,0.73%,0.74%,0.73%,,,,,,
출판ㆍ영상ㆍ방송통신 및 정보서비스업,경남, 695 ," 10,752 ", 787 ," 13,525 ", 848 ," 11,968 ", 979 ," 15,450 ", 979 ," 15,450 ",경남,2.26%,2.47%,2.07%,2.33%,2.06%,2.00%,2.17%,2.28%,2.17%,2.28%,,,,,,
출판ㆍ영상ㆍ방송통신 및 정보서비스업,제주, 168 ," 1,440 ", 268 ," 3,605 ", 301 ," 4,956 ", 354 ," 5,790 ", 354 ," 5,790 ",제주,0.55%,0.33%,0.71%,0.62%,0.73%,0.83%,0.78%,0.86%,0.78%,0.86%,,,,,,
금융 및 보험업,합계," 22,384 "," 285,429 "," 23,980 "," 318,008 "," 24,183 "," 351,083 "," 24,412 "," 379,406 "," 24,412 "," 379,406 ",,,,,,,,,,,,,,,,,
금융 및 보험업,서울," 5,979 "," 74,520 "," 6,326 "," 84,523 "," 6,192 "," 90,691 "," 6,099 "," 98,222 "," 6,099 "," 98,222 ",서울,26.71%,26.11%,26.38%,26.58%,25.60%,25.83%,24.98%,25.89%,24.98%,25.89%,,,,,,
금융 및 보험업,인천," 1,163 "," 14,252 "," 1,242 "," 14,291 "," 1,311 "," 17,016 "," 1,376 "," 18,089 "," 1,376 "," 18,089 ",인천,5.20%,4.99%,5.18%,4.49%,5.42%,4.85%,5.64%,4.77%,5.64%,4.77%,,,,,,
금융 및 보험업,경기," 5,459 "," 67,551 "," 6,028 "," 74,266 "," 5,946 "," 84,956 "," 6,066 "," 92,891 "," 6,066 "," 92,891 ",경기,24.39%,23.67%,25.14%,23.35%,24.59%,24.20%,24.85%,24.48%,24.85%,24.48%,,,,,,
금융 및 보험업,강원, 578 ," 7,506 ", 618 ," 8,589 ", 636 ," 9,379 ", 646 ," 9,841 ", 646 ," 9,841 ",강원,2.58%,2.63%,2.58%,2.70%,2.63%,2.67%,2.65%,2.59%,2.65%,2.59%,,,,,,
금융 및 보험업,대전, 725 ," 8,658 ", 761 ," 8,897 ", 777 ," 9,453 ", 776 ," 9,600 ", 776 ," 9,600 ",대전,3.24%,3.03%,3.17%,2.80%,3.21%,2.69%,3.18%,2.53%,3.18%,2.53%,,,,,,
금융 및 보험업,충북, 569 ," 8,544 ", 618 ," 9,333 ", 664 ," 10,524 ", 668 ," 11,237 ", 668 ," 11,237 ",충북,2.54%,2.99%,2.58%,2.93%,2.75%,3.00%,2.74%,2.96%,2.74%,2.96%,,,,,,
금융 및 보험업,충남, 599 ," 8,857 ", 666 ," 9,954 ", 707 ," 10,662 ", 743 ," 11,466 ", 743 ," 11,466 ",충남,2.68%,3.10%,2.78%,3.13%,2.92%,3.04%,3.04%,3.02%,3.04%,3.02%,,,,,,
금융 및 보험업,세종, 41 , 507 , 69 ," 1,015 ", 97 ," 1,266 ", 118 ," 1,811 ", 118 ," 1,811 ",세종,0.18%,0.18%,0.29%,0.32%,0.40%,0.36%,0.48%,0.48%,0.48%,0.48%,,,,,,
금융 및 보험업,광주, 607 ," 6,393 ", 629 ," 7,316 ", 656 ," 7,572 ", 624 ," 8,515 ", 624 ," 8,515 ",광주,2.71%,2.24%,2.62%,2.30%,2.71%,2.16%,2.56%,2.24%,2.56%,2.24%,,,,,,
금융 및 보험업,전북, 701 ," 9,874 ", 842 ," 9,528 ", 850 ," 10,210 ", 892 ," 10,788 ", 892 ," 10,788 ",전북,3.13%,3.46%,3.51%,3.00%,3.51%,2.91%,3.65%,2.84%,3.65%,2.84%,,,,,,
금융 및 보험업,전남, 573 ," 7,223 ", 603 ," 8,023 ", 664 ," 9,276 ", 665 ," 9,963 ", 665 ," 9,963 ",전남,2.56%,2.53%,2.51%,2.52%,2.75%,2.64%,2.72%,2.63%,2.72%,2.63%,,,,,,
금융 및 보험업,대구," 1,014 "," 12,076 "," 1,056 "," 14,151 "," 1,052 "," 15,379 "," 1,087 "," 16,279 "," 1,087 "," 16,279 ",대구,4.53%,4.23%,4.40%,4.45%,4.35%,4.38%,4.45%,4.29%,4.45%,4.29%,,,,,,
금융 및 보험업,경북," 1,053 "," 14,198 "," 1,108 "," 16,203 "," 1,134 "," 17,307 "," 1,176 "," 17,877 "," 1,176 "," 17,877 ",경북,4.70%,4.97%,4.62%,5.10%,4.69%,4.93%,4.82%,4.71%,4.82%,4.71%,,,,,,
금융 및 보험업,부산," 1,579 "," 19,961 "," 1,548 "," 23,347 "," 1,556 "," 26,049 "," 1,511 "," 29,898 "," 1,511 "," 29,898 ",부산,7.05%,6.99%,6.46%,7.34%,6.43%,7.42%,6.19%,7.88%,6.19%,7.88%,,,,,,
금융 및 보험업,울산, 438 ," 6,377 ", 498 ," 7,246 ", 476 ," 7,138 ", 468 ," 7,707 ", 468 ," 7,707 ",울산,1.96%,2.23%,2.08%,2.28%,1.97%,2.03%,1.92%,2.03%,1.92%,2.03%,,,,,,
금융 및 보험업,경남," 1,092 "," 15,492 "," 1,142 "," 17,244 "," 1,204 "," 19,200 "," 1,212 "," 19,821 "," 1,212 "," 19,821 ",경남,4.88%,5.43%,4.76%,5.42%,4.98%,5.47%,4.96%,5.22%,4.96%,5.22%,,,,,,
금융 및 보험업,제주, 214 ," 3,440 ", 226 ," 4,082 ", 261 ," 5,007 ", 285 ," 5,401 ", 285 ," 5,401 ",제주,0.96%,1.21%,0.94%,1.28%,1.08%,1.43%,1.17%,1.42%,1.17%,1.42%,,,,,,
부동산업,합계," 1,201,006 "," 16,460,186 "," 1,141,196 "," 17,305,669 "," 1,176,840 "," 16,816,640 "," 1,271,766 "," 17,897,787 "," 1,271,766 "," 17,897,787 ",,,,,,,,,,,,,,,,,
부동산업,서울," 396,847 "," 6,996,089 "," 375,126 "," 7,264,231 "," 385,606 "," 7,272,785 "," 405,781 "," 7,602,531 "," 405,781 "," 7,602,531 ",서울,33.04%,42.50%,32.87%,41.98%,32.77%,43.25%,31.91%,42.48%,31.91%,42.48%,,,,,,
부동산업,인천," 54,386 "," 630,561 "," 52,394 "," 739,322 "," 53,597 "," 669,564 "," 58,428 "," 735,750 "," 58,428 "," 735,750 ",인천,4.53%,3.83%,4.59%,4.27%,4.55%,3.98%,4.59%,4.11%,4.59%,4.11%,,,,,,
부동산업,경기," 320,430 "," 4,127,037 "," 315,576 "," 4,444,179 "," 328,270 "," 4,374,018 "," 358,627 "," 4,800,451 "," 358,627 "," 4,800,451 ",경기,26.68%,25.07%,27.65%,25.68%,27.89%,26.01%,28.20%,26.82%,28.20%,26.82%,,,,,,
부동산업,강원," 26,026 "," 231,678 "," 24,107 "," 253,476 "," 24,880 "," 261,514 "," 27,220 "," 273,611 "," 27,220 "," 273,611 ",강원,2.17%,1.41%,2.11%,1.46%,2.11%,1.56%,2.14%,1.53%,2.14%,1.53%,,,,,,
부동산업,대전," 28,666 "," 258,632 "," 26,891 "," 259,496 "," 27,770 "," 262,534 "," 30,171 "," 290,706 "," 30,171 "," 290,706 ",대전,2.39%,1.57%,2.36%,1.50%,2.36%,1.56%,2.37%,1.62%,2.37%,1.62%,,,,,,
부동산업,충북," 25,739 "," 240,223 "," 24,045 "," 284,509 "," 24,840 "," 242,761 "," 27,309 "," 278,901 "," 27,309 "," 278,901 ",충북,2.14%,1.46%,2.11%,1.64%,2.11%,1.44%,2.15%,1.56%,2.15%,1.56%,,,,,,
부동산업,충남," 32,762 "," 335,474 "," 30,731 "," 352,879 "," 32,082 "," 335,118 "," 35,590 "," 371,362 "," 35,590 "," 371,362 ",충남,2.73%,2.04%,2.69%,2.04%,2.73%,1.99%,2.80%,2.07%,2.80%,2.07%,,,,,,
부동산업,세종," 3,126 "," 30,308 "," 4,406 "," 36,124 "," 5,421 "," 46,554 "," 7,443 "," 64,415 "," 7,443 "," 64,415 ",세종,0.26%,0.18%,0.39%,0.21%,0.46%,0.28%,0.59%,0.36%,0.59%,0.36%,,,,,,
부동산업,광주," 23,875 "," 229,363 "," 22,210 "," 220,469 "," 23,405 "," 232,488 "," 25,358 "," 244,162 "," 25,358 "," 244,162 ",광주,1.99%,1.39%,1.95%,1.27%,1.99%,1.38%,1.99%,1.36%,1.99%,1.36%,,,,,,
부동산업,전북," 23,398 "," 190,409 "," 22,022 "," 193,160 "," 22,375 "," 201,905 "," 23,908 "," 194,894 "," 23,908 "," 194,894 ",전북,1.95%,1.16%,1.93%,1.12%,1.90%,1.20%,1.88%,1.09%,1.88%,1.09%,,,,,,
부동산업,전남," 20,326 "," 158,573 "," 17,731 "," 162,313 "," 18,445 "," 149,793 "," 20,226 "," 167,756 "," 20,226 "," 167,756 ",전남,1.69%,0.96%,1.55%,0.94%,1.57%,0.89%,1.59%,0.94%,1.59%,0.94%,,,,,,
부동산업,대구," 52,231 "," 753,861 "," 46,785 "," 771,135 "," 46,506 "," 647,582 "," 51,110 "," 664,637 "," 51,110 "," 664,637 ",대구,4.35%,4.58%,4.10%,4.46%,3.95%,3.85%,4.02%,3.71%,4.02%,3.71%,,,,,,
부동산업,경북," 35,037 "," 371,847 "," 31,627 "," 355,121 "," 32,074 "," 328,283 "," 35,184 "," 349,677 "," 35,184 "," 349,677 ",경북,2.92%,2.26%,2.77%,2.05%,2.73%,1.95%,2.77%,1.95%,2.77%,1.95%,,,,,,
부동산업,부산," 76,078 "," 1,001,775 "," 69,370 "," 977,449 "," 70,425 "," 889,006 "," 75,543 "," 937,857 "," 75,543 "," 937,857 ",부산,6.33%,6.09%,6.08%,5.65%,5.98%,5.29%,5.94%,5.24%,5.94%,5.24%,,,,,,
부동산업,울산," 20,204 "," 224,902 "," 19,874 "," 241,821 "," 20,646 "," 224,582 "," 22,492 "," 240,965 "," 22,492 "," 240,965 ",울산,1.68%,1.37%,1.74%,1.40%,1.75%,1.34%,1.77%,1.35%,1.77%,1.35%,,,,,,
부동산업,경남," 51,303 "," 558,992 "," 48,111 "," 602,962 "," 49,154 "," 513,130 "," 53,931 "," 491,309 "," 53,931 "," 491,309 ",경남,4.27%,3.40%,4.22%,3.48%,4.18%,3.05%,4.24%,2.75%,4.24%,2.75%,,,,,,
부동산업,제주," 10,572 "," 120,462 "," 10,190 "," 147,023 "," 11,344 "," 165,024 "," 13,445 "," 188,806 "," 13,445 "," 188,806 ",제주,0.88%,0.73%,0.89%,0.85%,0.96%,0.98%,1.06%,1.05%,1.06%,1.05%,,,,,,
임대 및 사업서비스업,합계," 146,882 "," 3,470,616 "," 179,178 "," 4,267,186 ", - , - , - , - ," 212,112 "," 4,611,354 ",,,,,,,,,,,,,,,,,
임대 및 사업서비스업,서울," 38,424 "," 1,030,541 "," 47,632 "," 1,283,114 ", - , - , - , - ," 54,638 "," 1,412,578 ",서울,26.16%,29.69%,26.58%,30.07%,-,-,-,-,25.76%,30.63%,,,,,,
임대 및 사업서비스업,인천," 7,530 "," 135,973 "," 9,142 "," 169,658 ", - , - , - , - ," 11,020 "," 197,442 ",인천,5.13%,3.92%,5.10%,3.98%,-,-,-,-,5.20%,4.28%,,,,,,
임대 및 사업서비스업,경기," 37,390 "," 759,395 "," 46,341 "," 946,415 ", - , - , - , - ," 57,053 "," 1,141,058 ",경기,25.46%,21.88%,25.86%,22.18%,-,-,-,-,26.90%,24.74%,,,,,,
임대 및 사업서비스업,강원," 3,389 "," 69,762 "," 4,094 "," 88,542 ", - , - , - , - ," 4,713 "," 100,186 ",강원,2.31%,2.01%,2.28%,2.07%,-,-,-,-,2.22%,2.17%,,,,,,
임대 및 사업서비스업,대전," 3,912 "," 89,001 "," 4,688 "," 104,204 ", - , - , - , - ," 5,577 "," 109,530 ",대전,2.66%,2.56%,2.62%,2.44%,-,-,-,-,2.63%,2.38%,,,,,,
임대 및 사업서비스업,충북," 3,444 "," 77,113 "," 4,003 "," 93,851 ", - , - , - , - ," 4,920 "," 104,242 ",충북,2.34%,2.22%,2.23%,2.20%,-,-,-,-,2.32%,2.26%,,,,,,
임대 및 사업서비스업,충남," 4,096 "," 85,890 "," 4,825 "," 102,728 ", - , - , - , - ," 6,290 "," 134,112 ",충남,2.79%,2.47%,2.69%,2.41%,-,-,-,-,2.97%,2.91%,,,,,,
임대 및 사업서비스업,세종, 368 ," 6,538 ", 673 ," 13,533 ", - , - , - , - ," 1,186 "," 20,910 ",세종,0.25%,0.19%,0.38%,0.32%,-,-,-,-,0.56%,0.45%,,,,,,
임대 및 사업서비스업,광주," 4,042 "," 87,902 "," 4,649 "," 103,498 ", - , - , - , - ," 5,385 "," 110,153 ",광주,2.75%,2.53%,2.59%,2.43%,-,-,-,-,2.54%,2.39%,,,,,,
임대 및 사업서비스업,전북," 3,767 "," 73,461 "," 4,569 "," 89,667 ", - , - , - , - ," 5,456 "," 100,649 ",전북,2.56%,2.12%,2.55%,2.10%,-,-,-,-,2.57%,2.18%,,,,,,
임대 및 사업서비스업,전남," 2,791 "," 58,706 "," 3,317 "," 71,425 ", - , - , - , - ," 3,977 "," 86,044 ",전남,1.90%,1.69%,1.85%,1.67%,-,-,-,-,1.87%,1.87%,,,,,,
임대 및 사업서비스업,대구," 6,862 "," 169,020 "," 8,293 "," 208,417 ", - , - , - , - ," 9,411 "," 210,384 ",대구,4.67%,4.87%,4.63%,4.88%,-,-,-,-,4.44%,4.56%,,,,,,
임대 및 사업서비스업,경북," 5,301 "," 114,630 "," 6,301 "," 140,652 ", - , - , - , - ," 7,110 "," 145,369 ",경북,3.61%,3.30%,3.52%,3.30%,-,-,-,-,3.35%,3.15%,,,,,,
임대 및 사업서비스업,부산," 10,463 "," 264,957 "," 12,442 "," 308,431 ", - , - , - , - ," 14,504 "," 306,919 ",부산,7.12%,7.63%,6.94%,7.23%,-,-,-,-,6.84%,6.66%,,,,,,
임대 및 사업서비스업,울산," 3,984 "," 126,223 "," 4,656 "," 150,084 ", - , - , - , - ," 4,601 "," 102,518 ",울산,2.71%,3.64%,2.60%,3.52%,-,-,-,-,2.17%,2.22%,,,,,,
임대 및 사업서비스업,경남," 9,647 "," 284,995 "," 11,591 "," 341,047 ", - , - , - , - ," 13,635 "," 263,535 ",경남,6.57%,8.21%,6.47%,7.99%,-,-,-,-,6.43%,5.71%,,,,,,
임대 및 사업서비스업,제주," 1,472 "," 36,509 "," 1,962 "," 51,920 ", - , - , - , - ," 2,636 "," 65,726 ",제주,1.00%,1.05%,1.10%,1.22%,-,-,-,-,1.24%,1.43%,,,,,,
임대(부동산 제외) 및 사업서비스업,합계, - , - , - , - ," 193,405 "," 4,339,645 "," 212,112 "," 4,611,354 ",,,,,,,,,,,,,,,,,,,
임대(부동산 제외) 및 사업서비스업,서울, - , - , - , - ," 50,599 "," 1,354,265 "," 54,638 "," 1,412,578 ",,,서울,-,-,-,-,26.16%,31.21%,25.76%,30.63%,,,,,,,,
임대(부동산 제외) 및 사업서비스업,인천, - , - , - , - ," 9,737 "," 176,927 "," 11,020 "," 197,442 ",,,인천,-,-,-,-,5.03%,4.08%,5.20%,4.28%,,,,,,,,
임대(부동산 제외) 및 사업서비스업,경기, - , - , - , - ," 50,603 "," 1,012,693 "," 57,053 "," 1,141,058 ",,,경기,-,-,-,-,26.16%,23.34%,26.90%,24.74%,,,,,,,,
임대(부동산 제외) 및 사업서비스업,강원, - , - , - , - ," 4,340 "," 92,091 "," 4,713 "," 100,186 ",,,강원,-,-,-,-,2.24%,2.12%,2.22%,2.17%,,,,,,,,
임대(부동산 제외) 및 사업서비스업,대전, - , - , - , - ," 5,114 "," 104,081 "," 5,577 "," 109,530 ",,,대전,-,-,-,-,2.64%,2.40%,2.63%,2.38%,,,,,,,,
임대(부동산 제외) 및 사업서비스업,충북, - , - , - , - ," 4,443 "," 97,112 "," 4,920 "," 104,242 ",,,충북,-,-,-,-,2.30%,2.24%,2.32%,2.26%,,,,,,,,
임대(부동산 제외) 및 사업서비스업,충남, - , - , - , - ," 5,450 "," 110,903 "," 6,290 "," 134,112 ",,,충남,-,-,-,-,2.82%,2.56%,2.97%,2.91%,,,,,,,,
임대(부동산 제외) 및 사업서비스업,세종, - , - , - , - , 857 ," 16,640 "," 1,186 "," 20,910 ",,,세종,-,-,-,-,0.44%,0.38%,0.56%,0.45%,,,,,,,,
임대(부동산 제외) 및 사업서비스업,광주, - , - , - , - ," 5,015 "," 101,058 "," 5,385 "," 110,153 ",,,광주,-,-,-,-,2.59%,2.33%,2.54%,2.39%,,,,,,,,
임대(부동산 제외) 및 사업서비스업,전북, - , - , - , - ," 4,984 "," 93,234 "," 5,456 "," 100,649 ",,,전북,-,-,-,-,2.58%,2.15%,2.57%,2.18%,,,,,,,,
임대(부동산 제외) 및 사업서비스업,전남, - , - , - , - ," 3,667 "," 74,384 "," 3,977 "," 86,044 ",,,전남,-,-,-,-,1.90%,1.71%,1.87%,1.87%,,,,,,,,
임대(부동산 제외) 및 사업서비스업,대구, - , - , - , - ," 8,694 "," 203,182 "," 9,411 "," 210,384 ",,,대구,-,-,-,-,4.50%,4.68%,4.44%,4.56%,,,,,,,,
임대(부동산 제외) 및 사업서비스업,경북, - , - , - , - ," 6,754 "," 139,984 "," 7,110 "," 145,369 ",,,경북,-,-,-,-,3.49%,3.23%,3.35%,3.15%,,,,,,,,
임대(부동산 제외) 및 사업서비스업,부산, - , - , - , - ," 13,369 "," 297,980 "," 14,504 "," 306,919 ",,,부산,-,-,-,-,6.91%,6.87%,6.84%,6.66%,,,,,,,,
임대(부동산 제외) 및 사업서비스업,울산, - , - , - , - ," 4,648 "," 117,230 "," 4,601 "," 102,518 ",,,울산,-,-,-,-,2.40%,2.70%,2.17%,2.22%,,,,,,,,
임대(부동산 제외) 및 사업서비스업,경남, - , - , - , - ," 12,837 "," 288,888 "," 13,635 "," 263,535 ",,,경남,-,-,-,-,6.64%,6.66%,6.43%,5.71%,,,,,,,,
임대(부동산 제외) 및 사업서비스업,제주, - , - , - , - ," 2,294 "," 58,992 "," 2,636 "," 65,726 ",,,제주,-,-,-,-,1.19%,1.36%,1.24%,1.43%,,,,,,,,
교육서비스업,합계," 107,854 "," 1,129,064 "," 124,979 "," 1,404,366 "," 131,961 "," 1,389,208 "," 140,405 "," 1,408,924 "," 140,405 "," 1,408,924 ",,,,,,,,,,,,,,,,,
교육서비스업,서울," 21,450 "," 255,737 "," 25,026 "," 306,830 "," 25,877 "," 301,190 "," 27,324 "," 299,054 "," 27,324 "," 299,054 ",서울,19.89%,22.65%,20.02%,21.85%,19.61%,21.68%,19.46%,21.23%,19.46%,21.23%,,,,,,
교육서비스업,인천," 5,325 "," 48,966 "," 6,236 "," 68,878 "," 6,910 "," 72,112 "," 7,472 "," 70,939 "," 7,472 "," 70,939 ",인천,4.94%,4.34%,4.99%,4.90%,5.24%,5.19%,5.32%,5.03%,5.32%,5.03%,,,,,,
교육서비스업,경기," 28,466 "," 284,410 "," 33,727 "," 363,368 "," 36,178 "," 371,625 "," 39,467 "," 385,636 "," 39,467 "," 385,636 ",경기,26.39%,25.19%,26.99%,25.87%,27.42%,26.75%,28.11%,27.37%,28.11%,27.37%,,,,,,
교육서비스업,강원," 3,087 "," 26,584 "," 3,471 "," 33,364 "," 3,584 "," 34,164 "," 3,688 "," 33,583 "," 3,688 "," 33,583 ",강원,2.86%,2.35%,2.78%,2.38%,2.72%,2.46%,2.63%,2.38%,2.63%,2.38%,,,,,,
교육서비스업,대전," 3,336 "," 38,101 "," 3,790 "," 45,161 "," 3,963 "," 44,885 "," 4,078 "," 47,121 "," 4,078 "," 47,121 ",대전,3.09%,3.37%,3.03%,3.22%,3.00%,3.23%,2.90%,3.34%,2.90%,3.34%,,,,,,
교육서비스업,충북," 3,091 "," 32,460 "," 3,560 "," 38,855 "," 3,603 "," 37,587 "," 3,802 "," 36,283 "," 3,802 "," 36,283 ",충북,2.87%,2.87%,2.85%,2.77%,2.73%,2.71%,2.71%,2.58%,2.71%,2.58%,,,,,,
교육서비스업,충남," 3,501 "," 36,289 "," 3,936 "," 43,159 "," 4,217 "," 42,321 "," 4,501 "," 41,527 "," 4,501 "," 41,527 ",충남,3.25%,3.21%,3.15%,3.07%,3.20%,3.05%,3.21%,2.95%,3.21%,2.95%,,,,,,
교육서비스업,세종, 348 ," 2,876 ", 658 ," 5,937 ", 833 ," 8,088 "," 1,120 "," 9,504 "," 1,120 "," 9,504 ",세종,0.32%,0.25%,0.53%,0.42%,0.63%,0.58%,0.80%,0.67%,0.80%,0.67%,,,,,,
교육서비스업,광주," 4,139 "," 40,644 "," 4,568 "," 50,511 "," 4,769 "," 49,653 "," 4,925 "," 50,445 "," 4,925 "," 50,445 ",광주,3.84%,3.60%,3.66%,3.60%,3.61%,3.57%,3.51%,3.58%,3.51%,3.58%,,,,,,
교육서비스업,전북," 3,863 "," 33,150 "," 4,299 "," 41,208 "," 4,540 "," 39,805 "," 4,757 "," 41,654 "," 4,757 "," 41,654 ",전북,3.58%,2.94%,3.44%,2.93%,3.44%,2.87%,3.39%,2.96%,3.39%,2.96%,,,,,,
교육서비스업,전남," 3,038 "," 26,335 "," 3,479 "," 31,680 "," 3,547 "," 30,943 "," 3,722 "," 32,075 "," 3,722 "," 32,075 ",전남,2.82%,2.33%,2.78%,2.26%,2.69%,2.23%,2.65%,2.28%,2.65%,2.28%,,,,,,
교육서비스업,대구," 5,425 "," 63,655 "," 6,253 "," 81,519 "," 6,660 "," 75,914 "," 7,045 "," 76,277 "," 7,045 "," 76,277 ",대구,5.03%,5.64%,5.00%,5.80%,5.05%,5.46%,5.02%,5.41%,5.02%,5.41%,,,,,,
교육서비스업,경북," 4,860 "," 45,961 "," 5,492 "," 56,115 "," 5,734 "," 53,309 "," 5,902 "," 52,417 "," 5,902 "," 52,417 ",경북,4.51%,4.07%,4.39%,4.00%,4.35%,3.84%,4.20%,3.72%,4.20%,3.72%,,,,,,
교육서비스업,부산," 6,855 "," 71,103 "," 7,775 "," 91,477 "," 8,152 "," 88,158 "," 8,455 "," 88,948 "," 8,455 "," 88,948 ",부산,6.36%,6.30%,6.22%,6.51%,6.18%,6.35%,6.02%,6.31%,6.02%,6.31%,,,,,,
교육서비스업,울산," 2,853 "," 34,406 "," 3,232 "," 41,858 "," 3,344 "," 39,109 "," 3,560 "," 40,024 "," 3,560 "," 40,024 ",울산,2.65%,3.05%,2.59%,2.98%,2.53%,2.82%,2.54%,2.84%,2.54%,2.84%,,,,,,
교육서비스업,경남," 6,929 "," 74,128 "," 7,890 "," 86,084 "," 8,331 "," 81,787 "," 8,705 "," 83,875 "," 8,705 "," 83,875 ",경남,6.42%,6.57%,6.31%,6.13%,6.31%,5.89%,6.20%,5.95%,6.20%,5.95%,,,,,,
교육서비스업,제주," 1,288 "," 14,259 "," 1,587 "," 18,362 "," 1,719 "," 18,558 "," 1,882 "," 19,564 "," 1,882 "," 19,564 ",제주,1.19%,1.26%,1.27%,1.31%,1.30%,1.34%,1.34%,1.39%,1.34%,1.39%,,,,,,
보건(의료업),합계," 73,150 "," 11,470,940 "," 94,638 "," 12,904,813 "," 97,264 "," 14,050,099 "," 100,378 "," 15,104,220 "," 100,378 "," 15,104,220 ",,,,,,,,,,,,,,,,,
보건(의료업),서울," 24,956 "," 3,755,009 "," 32,622 "," 4,210,323 "," 33,640 "," 4,662,727 "," 34,782 "," 5,145,588 "," 34,782 "," 5,145,588 ",서울,34.12%,32.73%,34.47%,32.63%,34.59%,33.19%,34.65%,34.07%,34.65%,34.07%,,,,,,
보건(의료업),인천," 2,219 "," 310,606 "," 2,874 "," 354,236 "," 2,942 "," 388,674 "," 3,110 "," 426,441 "," 3,110 "," 426,441 ",인천,3.03%,2.71%,3.04%,2.74%,3.02%,2.77%,3.10%,2.82%,3.10%,2.82%,,,,,,
보건(의료업),경기," 12,709 "," 1,727,123 "," 15,723 "," 1,937,665 "," 16,179 "," 2,081,021 "," 16,716 "," 2,194,382 "," 16,716 "," 2,194,382 ",경기,17.37%,15.06%,16.61%,15.02%,16.63%,14.81%,16.65%,14.53%,16.65%,14.53%,,,,,,
보건(의료업),강원," 1,488 "," 227,835 "," 1,896 "," 258,403 "," 1,936 "," 276,350 "," 1,964 "," 290,310 "," 1,964 "," 290,310 ",강원,2.03%,1.99%,2.00%,2.00%,1.99%,1.97%,1.96%,1.92%,1.96%,1.92%,,,,,,
보건(의료업),대전," 2,886 "," 465,253 "," 3,657 "," 506,915 "," 3,774 "," 566,112 "," 3,812 "," 597,984 "," 3,812 "," 597,984 ",대전,3.95%,4.06%,3.86%,3.93%,3.88%,4.03%,3.80%,3.96%,3.80%,3.96%,,,,,,
보건(의료업),충북," 1,530 "," 258,173 "," 1,923 "," 286,829 "," 1,966 "," 307,156 "," 2,045 "," 325,110 "," 2,045 "," 325,110 ",충북,2.09%,2.25%,2.03%,2.22%,2.02%,2.19%,2.04%,2.15%,2.04%,2.15%,,,,,,
보건(의료업),충남," 1,848 "," 313,182 "," 2,287 "," 362,988 "," 2,352 "," 392,853 "," 2,444 "," 410,487 "," 2,444 "," 410,487 ",충남,2.53%,2.73%,2.42%,2.81%,2.42%,2.80%,2.43%,2.72%,2.43%,2.72%,,,,,,
보건(의료업),세종, 140 ," 12,382 ", 268 ," 26,667 ", 334 ," 37,669 ", 475 ," 53,543 ", 475 ," 53,543 ",세종,0.19%,0.11%,0.28%,0.21%,0.34%,0.27%,0.47%,0.35%,0.47%,0.35%,,,,,,
보건(의료업),광주," 3,164 "," 558,818 "," 4,035 "," 626,779 "," 4,200 "," 690,675 "," 4,278 "," 719,929 "," 4,278 "," 719,929 ",광주,4.33%,4.87%,4.26%,4.86%,4.32%,4.92%,4.26%,4.77%,4.26%,4.77%,,,,,,
보건(의료업),전북," 2,514 "," 445,273 "," 3,182 "," 490,033 "," 3,198 "," 520,221 "," 3,263 "," 539,943 "," 3,263 "," 539,943 ",전북,3.44%,3.88%,3.36%,3.80%,3.29%,3.70%,3.25%,3.57%,3.25%,3.57%,,,,,,
보건(의료업),전남," 1,691 "," 330,623 "," 2,318 "," 362,240 "," 2,269 "," 393,548 "," 2,324 "," 410,819 "," 2,324 "," 410,819 ",전남,2.31%,2.88%,2.45%,2.81%,2.33%,2.80%,2.32%,2.72%,2.32%,2.72%,,,,,,
보건(의료업),대구," 4,886 "," 869,248 "," 6,464 "," 995,293 "," 6,708 "," 1,088,302 "," 6,976 "," 1,159,716 "," 6,976 "," 1,159,716 ",대구,6.68%,7.58%,6.83%,7.71%,6.90%,7.75%,6.95%,7.68%,6.95%,7.68%,,,,,,
보건(의료업),경북," 1,916 "," 332,516 "," 2,486 "," 361,011 "," 2,482 "," 382,749 "," 2,563 "," 389,125 "," 2,563 "," 389,125 ",경북,2.62%,2.90%,2.63%,2.80%,2.55%,2.72%,2.55%,2.58%,2.55%,2.58%,,,,,,
보건(의료업),부산," 6,104 "," 957,577 "," 8,164 "," 1,113,118 "," 8,368 "," 1,190,888 "," 8,477 "," 1,296,455 "," 8,477 "," 1,296,455 ",부산,8.34%,8.35%,8.63%,8.63%,8.60%,8.48%,8.45%,8.58%,8.45%,8.58%,,,,,,
보건(의료업),울산," 1,236 "," 222,628 "," 1,590 "," 246,205 "," 1,582 "," 253,706 "," 1,640 "," 271,062 "," 1,640 "," 271,062 ",울산,1.69%,1.94%,1.68%,1.91%,1.63%,1.81%,1.63%,1.79%,1.63%,1.79%,,,,,,
보건(의료업),경남," 3,069 "," 559,122 "," 4,068 "," 617,106 "," 4,172 "," 655,470 "," 4,251 "," 694,890 "," 4,251 "," 694,890 ",경남,4.20%,4.87%,4.30%,4.78%,4.29%,4.67%,4.23%,4.60%,4.23%,4.60%,,,,,,
보건(의료업),제주, 794 ," 125,572 "," 1,081 "," 149,002 "," 1,162 "," 161,977 "," 1,258 "," 178,438 "," 1,258 "," 178,438 ",제주,1.09%,1.09%,1.14%,1.15%,1.19%,1.15%,1.25%,1.18%,1.25%,1.18%,,,,,,
기타 서비스업,합계," 1,706,114 "," 12,081,770 "," 1,705,050 "," 14,084,680 "," 1,958,408 "," 16,487,422 "," 2,257,597 "," 18,267,851 "," 2,257,597 "," 18,267,851 ",,,,,,,,,,,,,,,,,
기타 서비스업,서울," 492,106 "," 3,947,941 "," 497,736 "," 4,513,385 "," 559,091 "," 5,285,807 "," 629,352 "," 5,638,075 "," 629,352 "," 5,638,075 ",서울,28.84%,32.68%,29.19%,32.04%,28.55%,32.06%,27.88%,30.86%,27.88%,30.86%,,,,,,
기타 서비스업,인천," 106,092 "," 704,561 "," 110,072 "," 843,437 "," 130,050 "," 1,025,298 "," 154,252 "," 1,137,936 "," 154,252 "," 1,137,936 ",인천,6.22%,5.83%,6.46%,5.99%,6.64%,6.22%,6.83%,6.23%,6.83%,6.23%,,,,,,
기타 서비스업,경기," 476,959 "," 3,344,091 "," 491,703 "," 3,949,485 "," 579,336 "," 4,777,842 "," 688,529 "," 5,486,586 "," 688,529 "," 5,486,586 ",경기,27.96%,27.68%,28.84%,28.04%,29.58%,28.98%,30.50%,30.03%,30.50%,30.03%,,,,,,
기타 서비스업,강원," 34,929 "," 215,032 "," 33,467 "," 250,088 "," 37,462 "," 288,109 "," 41,949 "," 331,277 "," 41,949 "," 331,277 ",강원,2.05%,1.78%,1.96%,1.78%,1.91%,1.75%,1.86%,1.81%,1.86%,1.81%,,,,,,
기타 서비스업,대전," 47,684 "," 306,737 "," 44,788 "," 346,110 "," 50,735 "," 389,691 "," 57,694 "," 433,300 "," 57,694 "," 433,300 ",대전,2.79%,2.54%,2.63%,2.46%,2.59%,2.36%,2.56%,2.37%,2.56%,2.37%,,,,,,
기타 서비스업,충북," 36,196 "," 225,425 "," 34,837 "," 268,436 "," 39,113 "," 309,415 "," 45,511 "," 356,381 "," 45,511 "," 356,381 ",충북,2.12%,1.87%,2.04%,1.91%,2.00%,1.88%,2.02%,1.95%,2.02%,1.95%,,,,,,
기타 서비스업,충남," 45,221 "," 295,808 "," 44,311 "," 351,391 "," 53,897 "," 417,212 "," 65,728 "," 496,755 "," 65,728 "," 496,755 ",충남,2.65%,2.45%,2.60%,2.49%,2.75%,2.53%,2.91%,2.72%,2.91%,2.72%,,,,,,
기타 서비스업,세종," 4,001 "," 26,628 "," 6,290 "," 51,656 "," 8,429 "," 69,882 "," 11,305 "," 89,230 "," 11,305 "," 89,230 ",세종,0.23%,0.22%,0.37%,0.37%,0.43%,0.42%,0.50%,0.49%,0.50%,0.49%,,,,,,
기타 서비스업,광주," 43,899 "," 269,063 "," 42,675 "," 318,730 "," 47,917 "," 354,821 "," 53,727 "," 393,058 "," 53,727 "," 393,058 ",광주,2.57%,2.23%,2.50%,2.26%,2.45%,2.15%,2.38%,2.15%,2.38%,2.15%,,,,,,
기타 서비스업,전북," 40,118 "," 244,516 "," 37,916 "," 273,720 "," 42,810 "," 294,951 "," 48,735 "," 346,973 "," 48,735 "," 346,973 ",전북,2.35%,2.02%,2.22%,1.94%,2.19%,1.79%,2.16%,1.90%,2.16%,1.90%,,,,,,
기타 서비스업,전남," 33,906 "," 206,144 "," 33,730 "," 248,140 "," 38,663 "," 285,129 "," 43,643 "," 322,433 "," 43,643 "," 322,433 ",전남,1.99%,1.71%,1.98%,1.76%,1.97%,1.73%,1.93%,1.77%,1.93%,1.77%,,,,,,
기타 서비스업,대구," 67,084 "," 460,628 "," 65,824 "," 539,878 "," 72,555 "," 594,497 "," 80,125 "," 623,169 "," 80,125 "," 623,169 ",대구,3.93%,3.81%,3.86%,3.83%,3.70%,3.61%,3.55%,3.41%,3.55%,3.41%,,,,,,
기타 서비스업,경북," 49,465 "," 316,766 "," 46,309 "," 364,253 "," 53,672 "," 414,175 "," 60,786 "," 467,699 "," 60,786 "," 467,699 ",경북,2.90%,2.62%,2.72%,2.59%,2.74%,2.51%,2.69%,2.56%,2.69%,2.56%,,,,,,
기타 서비스업,부산," 101,070 "," 688,935 "," 96,753 "," 794,160 "," 109,281 "," 875,236 "," 121,713 "," 955,203 "," 121,713 "," 955,203 ",부산,5.92%,5.70%,5.67%,5.64%,5.58%,5.31%,5.39%,5.23%,5.39%,5.23%,,,,,,
기타 서비스업,울산," 33,067 "," 226,368 "," 31,398 "," 259,208 "," 36,402 "," 300,467 "," 40,051 "," 310,283 "," 40,051 "," 310,283 ",울산,1.94%,1.87%,1.84%,1.84%,1.86%,1.82%,1.77%,1.70%,1.77%,1.70%,,,,,,
기타 서비스업,경남," 79,073 "," 491,554 "," 72,561 "," 569,223 "," 82,027 "," 634,002 "," 95,285 "," 701,188 "," 95,285 "," 701,188 ",경남,4.63%,4.07%,4.26%,4.04%,4.19%,3.85%,4.22%,3.84%,4.22%,3.84%,,,,,,
기타 서비스업,제주," 15,244 "," 111,573 "," 14,680 "," 143,380 "," 16,968 "," 170,888 "," 19,212 "," 178,305 "," 19,212 "," 178,305 ",제주,0.89%,0.92%,0.86%,1.02%,0.87%,1.04%,0.85%,0.98%,0.85%,0.98%,,,,,,
